{"train/episode": 3001, "_timestamp": 1741260113.843803, "train/step": 300000, "train/env_step": 300000, "train/total_time": 30037.591824054718, "train/episode_reward": 4.514302493598325, "train/reviewer_episode_reward": null, "train/old_model_episode_reward": null, "train/learner_model_episode_cost": null, "eval/episode": 3001, "eval/step": 300000, "eval/env_step": 300000, "eval/total_time": 30037.591824054718, "eval/episode_reward": 243.85015582088053, "eval/reviewer_episode_reward": null, "eval/old_model_episode_reward": null, "eval/learner_model_episode_cost": null, "_runtime": 30084.176785945892, "_step": 300000, "train/learner_consistency_loss": 0.00033393962075933814, "train/learner_reward_loss": 0.07530204951763153, "train/learner_value_loss": 319.20220947265625, "train/learner_pi_loss": -167.16432189941406, "train/learner_total_loss": 31.68539047241211, "train/learner_weighted_loss": 7.873514175415039, "train/learner_grad_norm": 3.0833780765533447, "train/learner_mean_prediction_score": 10.070650100708008, "train/vae_recon_loss": 0.016025744378566742, "train/vae_kl_loss": 0.04008539766073227, "train/vae_loss": 0.05611114203929901, "train/vae_grad_norm": 0.10629554837942123, "_wandb": {"runtime": 30084}}