{"train/learner_consistency_loss": 0.0, "_timestamp": 1741396813.5195205, "train/learner_reward_loss": 0.0, "train/learner_value_loss": 0.0, "train/learner_pi_loss": 0.0, "train/learner_total_loss": 0.0, "train/learner_weighted_loss": 0.0, "train/learner_grad_norm": 0.036225661635398865, "train/learner_mean_prediction_score": 0.0, "train/vae_recon_loss": 0.022070499137043953, "train/vae_kl_loss": 0.056197620928287506, "train/vae_loss": 0.07826811820268631, "train/vae_grad_norm": 0.12940062582492828, "train/reviewer_consistency_loss": 0.0006536485743708909, "train/reviewer_reward_loss": 0.10378463566303253, "train/reviewer_value_loss": 0.07503841072320938, "train/reviewer_pi_loss": -0.5228725671768188, "train/reviewer_total_loss": 0.06070345640182495, "train/reviewer_weighted_loss": 0.05886606127023697, "train/reviewer_grad_norm": 0.070096455514431, "train/reviewer_mean_prediction_score": 7.7126054763793945, "train/episode": 8, "train/step": 1400, "train/env_step": 1400, "train/total_time": 255.98936700820923, "train/episode_reward": 0, "train/reviewer_episode_reward": 50.431644439697266, "train/old_model_episode_reward": 91.75962829589844, "train/learner_model_episode_cost": 82.65587615966797, "eval/episode": 1, "eval/step": 0, "eval/env_step": 0, "eval/total_time": 14.308387041091919, "eval/episode_reward": 0.6655338031568446, "eval/reviewer_episode_reward": 3.9887826442718506, "eval/old_model_episode_reward": 16.423784255981445, "eval/learner_model_episode_cost": 24.8699893951416, "_runtime": 265.92905855178833, "_step": 1400, "_wandb": {"runtime": 271}}