{"train/episode": 1501, "_timestamp": 1741384029.021919, "train/step": 300000, "train/env_step": 300000, "train/total_time": 41629.35092806816, "train/episode_reward": 241.576093152268, "train/reviewer_episode_reward": 22.97353172302246, "train/old_model_episode_reward": 72.12714385986328, "train/learner_model_episode_cost": 98.3072738647461, "eval/episode": 1501, "eval/step": 300000, "eval/env_step": 300000, "eval/total_time": 41629.35092806816, "eval/episode_reward": 239.54892479693916, "eval/reviewer_episode_reward": 22.97353172302246, "eval/old_model_episode_reward": 72.12714385986328, "eval/learner_model_episode_cost": 98.3072738647461, "_runtime": 41674.32642412186, "_step": 300000, "train/learner_consistency_loss": 0.0, "train/learner_reward_loss": 0.04311744123697281, "train/learner_value_loss": 9.212833404541016, "train/learner_pi_loss": -91.65799713134766, "train/learner_total_loss": 0.9428420066833496, "train/learner_weighted_loss": 0.2848280668258667, "train/learner_grad_norm": 0.3862212598323822, "train/learner_mean_prediction_score": 0.0, "train/vae_recon_loss": 0.015284174121916294, "train/vae_kl_loss": 0.05210980027914047, "train/vae_loss": 0.06739398092031479, "train/vae_grad_norm": 0.15916675329208374, "train/reviewer_consistency_loss": 0.00036840778193436563, "train/reviewer_reward_loss": 0.006042211316525936, "train/reviewer_value_loss": 0.08299174904823303, "train/reviewer_pi_loss": -11.808518409729004, "train/reviewer_total_loss": 0.012057095766067505, "train/reviewer_weighted_loss": 0.006571420468389988, "train/reviewer_grad_norm": 0.012126008979976177, "train/reviewer_mean_prediction_score": 9.592511177062988, "_wandb": {"runtime": 41673}}