{"train/learner_consistency_loss": 0.0005787605186924338, "_timestamp": 1741397712.044307, "train/learner_reward_loss": 0.15148407220840454, "train/learner_value_loss": 0.4386388063430786, "train/learner_pi_loss": -2.183006763458252, "train/learner_total_loss": 0.12076345086097717, "train/learner_weighted_loss": 0.032167453318834305, "train/learner_grad_norm": 0.04468849301338196, "train/learner_mean_prediction_score": 8.72971248626709, "train/episode": 94, "train/step": 9300, "train/env_step": 9300, "train/total_time": 846.8879010677338, "train/episode_reward": 267.23647686165265, "train/reviewer_episode_reward": null, "train/old_model_episode_reward": null, "train/learner_model_episode_cost": null, "eval/episode": 1, "eval/step": 0, "eval/env_step": 0, "eval/total_time": 6.821992635726929, "eval/episode_reward": 0.14864768616526353, "eval/reviewer_episode_reward": null, "eval/old_model_episode_reward": null, "eval/learner_model_episode_cost": null, "_runtime": 856.1028590202332, "_step": 9300, "_wandb": {"runtime": 856}}