{"train/episode": 1501, "_timestamp": 1741301019.746676, "train/step": 300000, "train/env_step": 300000, "train/total_time": 40853.659868478775, "train/episode_reward": 222.66625001722946, "train/reviewer_episode_reward": -0.08332711458206177, "train/old_model_episode_reward": 22.743831634521484, "train/learner_model_episode_cost": 45.65433883666992, "eval/episode": 1501, "eval/step": 300000, "eval/env_step": 300000, "eval/total_time": 40853.659868478775, "eval/episode_reward": 233.93967581757275, "eval/reviewer_episode_reward": -0.08332711458206177, "eval/old_model_episode_reward": 22.743831634521484, "eval/learner_model_episode_cost": 45.65433883666992, "_runtime": 40899.35876107216, "_step": 300000, "train/learner_consistency_loss": 0.0, "train/learner_reward_loss": 0.046553850173950195, "train/learner_value_loss": 34.91100311279297, "train/learner_pi_loss": -153.0109405517578, "train/learner_total_loss": 3.5143775939941406, "train/learner_weighted_loss": 0.6351678371429443, "train/learner_grad_norm": 2.413010358810425, "train/learner_mean_prediction_score": 0.0, "train/vae_recon_loss": 0.01738494075834751, "train/vae_kl_loss": 0.04629349708557129, "train/vae_loss": 0.06367843598127365, "train/vae_grad_norm": 0.10354667901992798, "train/reviewer_consistency_loss": 0.001031061983667314, "train/reviewer_reward_loss": 0.014654042199254036, "train/reviewer_value_loss": 0.058682072907686234, "train/reviewer_pi_loss": 11.28398609161377, "train/reviewer_total_loss": 0.015257351100444794, "train/reviewer_weighted_loss": 0.008435385301709175, "train/reviewer_grad_norm": 0.02448219619691372, "train/reviewer_mean_prediction_score": 7.999326229095459, "_wandb": {"runtime": 40898}}