{"train/learner_consistency_loss": 0.00045511574717238545, "_timestamp": 1741397868.0112665, "train/learner_reward_loss": 0.05858235061168671, "train/learner_value_loss": 0.08139778673648834, "train/learner_pi_loss": -0.11713705956935883, "train/learner_total_loss": 0.03834118694067001, "train/learner_weighted_loss": 0.012123976834118366, "train/learner_grad_norm": 0.008524218574166298, "train/learner_mean_prediction_score": 9.050312995910645, "train/episode": 15, "train/step": 1400, "train/env_step": 1400, "train/total_time": 123.26357960700989, "train/episode_reward": 0, "train/reviewer_episode_reward": null, "train/old_model_episode_reward": null, "train/learner_model_episode_cost": null, "eval/episode": 1, "eval/step": 0, "eval/env_step": 0, "eval/total_time": 6.767386198043823, "eval/episode_reward": 0.0, "eval/reviewer_episode_reward": null, "eval/old_model_episode_reward": null, "eval/learner_model_episode_cost": null, "_runtime": 132.8614103794098, "_step": 1400}