{"train/learner_consistency_loss": 0.00019456117297522724, "_timestamp": 1741399030.3994195, "train/learner_reward_loss": 0.004687128588557243, "train/learner_value_loss": 0.014628775417804718, "train/learner_pi_loss": -0.276838093996048, "train/learner_total_loss": 0.004195564426481724, "train/learner_weighted_loss": 0.0010826708748936653, "train/learner_grad_norm": 0.008393898606300354, "train/learner_mean_prediction_score": 10.10429573059082, "train/episode": 132, "train/step": 13100, "train/env_step": 13100, "train/total_time": 1285.6491270065308, "train/episode_reward": 0, "train/reviewer_episode_reward": null, "train/old_model_episode_reward": null, "train/learner_model_episode_cost": null, "eval/episode": 101, "eval/step": 10000, "eval/env_step": 10000, "eval/total_time": 921.5928676128387, "eval/episode_reward": 0.0, "eval/reviewer_episode_reward": null, "eval/old_model_episode_reward": null, "eval/learner_model_episode_cost": null, "_runtime": 1295.2495634555817, "_step": 13100}